[{
  "_id": {
    "$oid": "672dd3e5837c1fa69a899a44"
  },
  "db": {
    "studentSeminar": {
      "insert(": "{\"seminar\": { \"seminarID\": \"sem001\""
    }
  }
},
{
  "_id": {
    "$oid": "672dd3e5837c1fa69a899a45"
  },
  "db": {
    "studentSeminar": {
      "insert(": "              \"seminarDescription\": \"Security in Databases.\""
    }
  }
},
{
  "_id": {
    "$oid": "672dd3e5837c1fa69a899a46"
  },
  "db": {
    "studentSeminar": {
      "insert(": "              \"seminarDate\": \"25-October-2024\""
    }
  }
},
{
  "_id": {
    "$oid": "672dd3e5837c1fa69a899a47"
  },
  "db": {
    "studentSeminar": {
      "insert(": "              \"prerequisite\": \"Year 3 standing\""
    }
  }
},
{
  "_id": {
    "$oid": "672dd3e5837c1fa69a899a48"
  },
  "db": {
    "studentSeminar": {
      "insert(": "              \"creditPoint\": 3"
    }
  }
},
{
  "_id": {
    "$oid": "672dd3e5837c1fa69a899a49"
  },
  "db": {
    "studentSeminar": {
      "insert(": "              \"seminarEnrolment\": [ "
    }
  }
},
{
  "_id": {
    "$oid": "672dd3e5837c1fa69a899a4a"
  },
  "db": {
    "studentSeminar": {
      "insert(": "                      {\"studentID\": \"std001\""
    }
  }
},
{
  "_id": {
    "$oid": "672dd3e5837c1fa69a899a4b"
  },
  "db": {
    "studentSeminar": {
      "insert(": "                       \"enrolmentDate\": \"14-October-2024\"}"
    }
  }
},
{
  "_id": {
    "$oid": "672dd3e5837c1fa69a899a4c"
  },
  "db": {
    "studentSeminar": {
      "insert(": "                      {\"studentID\": \"std009\""
    }
  }
},
{
  "_id": {
    "$oid": "672dd3e5837c1fa69a899a4d"
  },
  "db": {
    "studentSeminar": {
      "insert(": "                       \"enrolmentDate\": \"18-October-2024\"} ] }"
    }
  }
},
{
  "_id": {
    "$oid": "672dd3e5837c1fa69a899a4e"
  },
  "db": {
    "studentSeminar": {
      "insert(": " \"student\": [ { \"studentID\": \"std001\""
    }
  }
},
{
  "_id": {
    "$oid": "672dd3e5837c1fa69a899a4f"
  },
  "db": {
    "studentSeminar": {
      "insert(": "                 \"studentName\": \"Richard Davis\""
    }
  }
},
{
  "_id": {
    "$oid": "672dd3e5837c1fa69a899a50"
  },
  "db": {
    "studentSeminar": {
      "insert(": "                 \"address\": \"Block 140"
    }
  }
},
{
  "_id": {
    "$oid": "672dd3e5837c1fa69a899a51"
  },
  "db": {
    "studentSeminar": {
      "insert(": "                 \"telephone\": [ "
    }
  }
},
{
  "_id": {
    "$oid": "672dd3e5837c1fa69a899a52"
  },
  "db": {
    "studentSeminar": {
      "insert(": "                      {\"handphone\": \"92378888\""
    }
  }
},
{
  "_id": {
    "$oid": "672dd3e5837c1fa69a899a53"
  },
  "db": {
    "studentSeminar": {
      "insert(": "                       \"officephone\": \"64283333\" } ]"
    }
  }
},
{
  "_id": {
    "$oid": "672dd3e5837c1fa69a899a54"
  },
  "db": {
    "studentSeminar": {
      "insert(": "                 \"enrolTo\": [ "
    }
  }
},
{
  "_id": {
    "$oid": "672dd3e5837c1fa69a899a55"
  },
  "db": {
    "studentSeminar": {
      "insert(": "                      {\"seminarID\": \"sem001\""
    }
  }
},
{
  "_id": {
    "$oid": "672dd3e5837c1fa69a899a56"
  },
  "db": {
    "studentSeminar": {
      "insert(": "                       \"markReceived\": 78 } ] }"
    }
  }
},
{
  "_id": {
    "$oid": "672dd3e5837c1fa69a899a57"
  },
  "db": {
    "studentSeminar": {
      "insert(": "               { \"studentID\": \"std009\""
    }
  }
},
{
  "_id": {
    "$oid": "672dd3e5837c1fa69a899a58"
  },
  "db": {
    "studentSeminar": {
      "insert(": "                 \"studentName\": \"Sharon Smith\""
    }
  }
},
{
  "_id": {
    "$oid": "672dd3e5837c1fa69a899a59"
  },
  "db": {
    "studentSeminar": {
      "insert(": "                 \"address\": \"10 Bukit Timah Road\""
    }
  }
},
{
  "_id": {
    "$oid": "672dd3e5837c1fa69a899a5a"
  },
  "db": {
    "studentSeminar": {
      "insert(": "                 \"telephone\": [ "
    }
  }
},
{
  "_id": {
    "$oid": "672dd3e5837c1fa69a899a5b"
  },
  "db": {
    "studentSeminar": {
      "insert(": "                      {\"handphone\": \"81881234\""
    }
  }
},
{
  "_id": {
    "$oid": "672dd3e5837c1fa69a899a5c"
  },
  "db": {
    "studentSeminar": {
      "insert(": "                       \"residentphone\": \"64123456\" } ]"
    }
  }
},
{
  "_id": {
    "$oid": "672dd3e5837c1fa69a899a5d"
  },
  "db": {
    "studentSeminar": {
      "insert(": "                 \"enrolTo\": [ "
    }
  }
},
{
  "_id": {
    "$oid": "672dd3e5837c1fa69a899a5e"
  },
  "db": {
    "studentSeminar": {
      "insert(": "                      {\"seminarID\": \"sem001\""
    }
  }
},
{
  "_id": {
    "$oid": "672dd3e5837c1fa69a899a5f"
  },
  "db": {
    "studentSeminar": {
      "insert(": "                       \"markReceived\": 80 } ] } ]"
    }
  }
},
{
  "_id": {
    "$oid": "672dd3e5837c1fa69a899a60"
  },
  "db": {
    "studentSeminar": {
      "insert(": "} );"
    }
  }
},
{
  "_id": {
    "$oid": "672dd3e5837c1fa69a899a61"
  }
},
{
  "_id": {
    "$oid": "672dd3e5837c1fa69a899a62"
  },
  "db": {
    "studentSeminar": {
      "insert(": "db.studentSeminar.insert("
    }
  }
},
{
  "_id": {
    "$oid": "672dd3e5837c1fa69a899a63"
  },
  "db": {
    "studentSeminar": {
      "insert(": "{\"seminar\": { \"seminarID\": \"sem002\""
    }
  }
},
{
  "_id": {
    "$oid": "672dd3e5837c1fa69a899a64"
  },
  "db": {
    "studentSeminar": {
      "insert(": "              \"seminarDescription\": \"Concurrency in Distributed Database.\""
    }
  }
},
{
  "_id": {
    "$oid": "672dd3e5837c1fa69a899a65"
  }
},
{
  "_id": {
    "$oid": "672dd3e5837c1fa69a899a66"
  },
  "db": {
    "studentSeminar": {
      "insert(": "              \"seminarDate\": \"5-November-2024\""
    }
  }
},
{
  "_id": {
    "$oid": "672dd3e5837c1fa69a899a67"
  },
  "db": {
    "studentSeminar": {
      "insert(": "              \"creditPoint\": 2"
    }
  }
},
{
  "_id": {
    "$oid": "672dd3e5837c1fa69a899a68"
  },
  "db": {
    "studentSeminar": {
      "insert(": "              \"seminarEnrolment\": [ "
    }
  }
},
{
  "_id": {
    "$oid": "672dd3e5837c1fa69a899a69"
  },
  "db": {
    "studentSeminar": {
      "insert(": "                      {\"studentID\": \"std006\""
    }
  }
},
{
  "_id": {
    "$oid": "672dd3e5837c1fa69a899a6a"
  },
  "db": {
    "studentSeminar": {
      "insert(": "                       \"enrolmentDate\": \"30-October-2024\"}"
    }
  }
},
{
  "_id": {
    "$oid": "672dd3e5837c1fa69a899a6b"
  },
  "db": {
    "studentSeminar": {
      "insert(": "                      {\"studentID\": \"std009\""
    }
  }
},
{
  "_id": {
    "$oid": "672dd3e5837c1fa69a899a6c"
  },
  "db": {
    "studentSeminar": {
      "insert(": "                       \"enrolmentDate\": \"18-October-2024\"} ] }"
    }
  }
},
{
  "_id": {
    "$oid": "672dd3e5837c1fa69a899a6d"
  },
  "db": {
    "studentSeminar": {
      "insert(": " \"student\": [ { \"studentID\": \"std006\""
    }
  }
},
{
  "_id": {
    "$oid": "672dd3e5837c1fa69a899a6e"
  },
  "db": {
    "studentSeminar": {
      "insert(": "                 \"studentName\": \"Ofelia Ashley\""
    }
  }
},
{
  "_id": {
    "$oid": "672dd3e5837c1fa69a899a6f"
  },
  "db": {
    "studentSeminar": {
      "insert(": "                 \"address\": \"123"
    }
  }
},
{
  "_id": {
    "$oid": "672dd3e5837c1fa69a899a70"
  },
  "db": {
    "studentSeminar": {
      "insert(": "                 \"telephone\": [ "
    }
  }
},
{
  "_id": {
    "$oid": "672dd3e5837c1fa69a899a71"
  },
  "db": {
    "studentSeminar": {
      "insert(": "                      {\"handphone\": \"93858134\""
    }
  }
},
{
  "_id": {
    "$oid": "672dd3e5837c1fa69a899a72"
  },
  "db": {
    "studentSeminar": {
      "insert(": "                       \"residentphone\": \"64352893\" } ]"
    }
  }
},
{
  "_id": {
    "$oid": "672dd3e5837c1fa69a899a73"
  },
  "db": {
    "studentSeminar": {
      "insert(": "                 \"enrolTo\": [ "
    }
  }
},
{
  "_id": {
    "$oid": "672dd3e5837c1fa69a899a74"
  },
  "db": {
    "studentSeminar": {
      "insert(": "                      {\"seminarID\": \"sem002\""
    }
  }
},
{
  "_id": {
    "$oid": "672dd3e5837c1fa69a899a75"
  },
  "db": {
    "studentSeminar": {
      "insert(": "                       \"markReceived\": 79 } ] }"
    }
  }
},
{
  "_id": {
    "$oid": "672dd3e5837c1fa69a899a76"
  },
  "db": {
    "studentSeminar": {
      "insert(": "               { \"studentID\": \"std009\""
    }
  }
},
{
  "_id": {
    "$oid": "672dd3e5837c1fa69a899a77"
  },
  "db": {
    "studentSeminar": {
      "insert(": "                 \"studentName\": \"Sharon Smith\""
    }
  }
},
{
  "_id": {
    "$oid": "672dd3e5837c1fa69a899a78"
  },
  "db": {
    "studentSeminar": {
      "insert(": "                 \"address\": \"10 Bukit Timah Road\""
    }
  }
},
{
  "_id": {
    "$oid": "672dd3e5837c1fa69a899a79"
  },
  "db": {
    "studentSeminar": {
      "insert(": "                 \"telephone\": [ "
    }
  }
},
{
  "_id": {
    "$oid": "672dd3e5837c1fa69a899a7a"
  },
  "db": {
    "studentSeminar": {
      "insert(": "                      {\"handphone\": \"81881234\""
    }
  }
},
{
  "_id": {
    "$oid": "672dd3e5837c1fa69a899a7b"
  },
  "db": {
    "studentSeminar": {
      "insert(": "                       \"residentphone\": \"64123456\" } ]"
    }
  }
},
{
  "_id": {
    "$oid": "672dd3e5837c1fa69a899a7c"
  },
  "db": {
    "studentSeminar": {
      "insert(": "                 \"enrolTo\": [ "
    }
  }
},
{
  "_id": {
    "$oid": "672dd3e5837c1fa69a899a7d"
  },
  "db": {
    "studentSeminar": {
      "insert(": "                      {\"seminarID\": \"sem002\""
    }
  }
},
{
  "_id": {
    "$oid": "672dd3e5837c1fa69a899a7e"
  },
  "db": {
    "studentSeminar": {
      "insert(": "                       \"markReceived\": 82 } ] } ]"
    }
  }
},
{
  "_id": {
    "$oid": "672dd3e5837c1fa69a899a7f"
  },
  "db": {
    "studentSeminar": {
      "insert(": "} );"
    }
  }
},
{
  "_id": {
    "$oid": "672dd3e5837c1fa69a899a80"
  }
},
{
  "_id": {
    "$oid": "672dd3e5837c1fa69a899a81"
  },
  "db": {
    "studentSeminar": {
      "insert(": "db.studentSeminar.insert("
    }
  }
},
{
  "_id": {
    "$oid": "672dd3e5837c1fa69a899a82"
  },
  "db": {
    "studentSeminar": {
      "insert(": "{\"seminar\": { \"seminarID\": \"sem003\""
    }
  }
},
{
  "_id": {
    "$oid": "672dd3e5837c1fa69a899a83"
  },
  "db": {
    "studentSeminar": {
      "insert(": "              \"seminarDescription\": \"Unstructured Database.\""
    }
  }
},
{
  "_id": {
    "$oid": "672dd3e5837c1fa69a899a84"
  },
  "db": {
    "studentSeminar": {
      "insert(": "              \"seminarDate\": \"12-November-2024\""
    }
  }
},
{
  "_id": {
    "$oid": "672dd3e5837c1fa69a899a85"
  },
  "db": {
    "studentSeminar": {
      "insert(": "              \"prerequisite\": \"Year 2 standing\""
    }
  }
},
{
  "_id": {
    "$oid": "672dd3e5837c1fa69a899a86"
  },
  "db": {
    "studentSeminar": {
      "insert(": "              \"creditPoint\": 3"
    }
  }
},
{
  "_id": {
    "$oid": "672dd3e5837c1fa69a899a87"
  },
  "db": {
    "studentSeminar": {
      "insert(": "              \"seminarEnrolment\": [ "
    }
  }
},
{
  "_id": {
    "$oid": "672dd3e5837c1fa69a899a88"
  },
  "db": {
    "studentSeminar": {
      "insert(": "                      {\"studentID\": \"std010\""
    }
  }
},
{
  "_id": {
    "$oid": "672dd3e5837c1fa69a899a89"
  },
  "db": {
    "studentSeminar": {
      "insert(": "                       \"enrolmentDate\": \"10-October-2024\"}"
    }
  }
},
{
  "_id": {
    "$oid": "672dd3e5837c1fa69a899a8a"
  },
  "db": {
    "studentSeminar": {
      "insert(": "                      {\"studentID\": \"std005\""
    }
  }
},
{
  "_id": {
    "$oid": "672dd3e5837c1fa69a899a8b"
  },
  "db": {
    "studentSeminar": {
      "insert(": "                       \"enrolmentDate\": \"18-October-2024\"} ] }"
    }
  }
},
{
  "_id": {
    "$oid": "672dd3e5837c1fa69a899a8c"
  },
  "db": {
    "studentSeminar": {
      "insert(": " \"student\": [ { \"studentID\": \"std010\""
    }
  }
},
{
  "_id": {
    "$oid": "672dd3e5837c1fa69a899a8d"
  },
  "db": {
    "studentSeminar": {
      "insert(": "                 \"studentName\": \"Wendy Graham\""
    }
  }
},
{
  "_id": {
    "$oid": "672dd3e5837c1fa69a899a8e"
  },
  "db": {
    "studentSeminar": {
      "insert(": "                 \"address\": \"23"
    }
  }
},
{
  "_id": {
    "$oid": "672dd3e5837c1fa69a899a8f"
  },
  "db": {
    "studentSeminar": {
      "insert(": "                 \"telephone\": [ "
    }
  }
},
{
  "_id": {
    "$oid": "672dd3e5837c1fa69a899a90"
  },
  "db": {
    "studentSeminar": {
      "insert(": "                      {\"handphone\": \"93858134\""
    }
  }
},
{
  "_id": {
    "$oid": "672dd3e5837c1fa69a899a91"
  },
  "db": {
    "studentSeminar": {
      "insert(": "                       \"residentphone\": \"64352893\" } ]"
    }
  }
},
{
  "_id": {
    "$oid": "672dd3e5837c1fa69a899a92"
  },
  "db": {
    "studentSeminar": {
      "insert(": "                 \"enrolTo\": [ "
    }
  }
},
{
  "_id": {
    "$oid": "672dd3e5837c1fa69a899a93"
  },
  "db": {
    "studentSeminar": {
      "insert(": "                      {\"seminarID\": \"sem003\""
    }
  }
},
{
  "_id": {
    "$oid": "672dd3e5837c1fa69a899a94"
  },
  "db": {
    "studentSeminar": {
      "insert(": "                       \"markReceived\": 74} ] }"
    }
  }
},
{
  "_id": {
    "$oid": "672dd3e5837c1fa69a899a95"
  },
  "db": {
    "studentSeminar": {
      "insert(": "               { \"studentID\": \"std005\""
    }
  }
},
{
  "_id": {
    "$oid": "672dd3e5837c1fa69a899a96"
  },
  "db": {
    "studentSeminar": {
      "insert(": "                 \"studentName\": \"Deann Larson\""
    }
  }
},
{
  "_id": {
    "$oid": "672dd3e5837c1fa69a899a97"
  },
  "db": {
    "studentSeminar": {
      "insert(": "                 \"address\": \"17 Bukit Panjang\""
    }
  }
},
{
  "_id": {
    "$oid": "672dd3e5837c1fa69a899a98"
  },
  "db": {
    "studentSeminar": {
      "insert(": "                 \"telephone\": [ "
    }
  }
},
{
  "_id": {
    "$oid": "672dd3e5837c1fa69a899a99"
  },
  "db": {
    "studentSeminar": {
      "insert(": "                      {\"handphone\": \"91867237\""
    }
  }
},
{
  "_id": {
    "$oid": "672dd3e5837c1fa69a899a9a"
  },
  "db": {
    "studentSeminar": {
      "insert(": "                       \"residentphone\": \"62783256\" } ]"
    }
  }
},
{
  "_id": {
    "$oid": "672dd3e5837c1fa69a899a9b"
  },
  "db": {
    "studentSeminar": {
      "insert(": "                 \"enrolTo\": [ "
    }
  }
},
{
  "_id": {
    "$oid": "672dd3e5837c1fa69a899a9c"
  },
  "db": {
    "studentSeminar": {
      "insert(": "                      {\"seminarID\": \"sem003\""
    }
  }
},
{
  "_id": {
    "$oid": "672dd3e5837c1fa69a899a9d"
  },
  "db": {
    "studentSeminar": {
      "insert(": "                       \"markReceived\": 62 } ] } ]"
    }
  }
},
{
  "_id": {
    "$oid": "672dd3e5837c1fa69a899a9e"
  },
  "db": {
    "studentSeminar": {
      "insert(": "} );"
    }
  }
},
{
  "_id": {
    "$oid": "672dd3e5837c1fa69a899a9f"
  }
},
{
  "_id": {
    "$oid": "672dd3e5837c1fa69a899aa0"
  },
  "db": {
    "studentSeminar": {
      "insert(": "db.studentSeminar.insert("
    }
  }
},
{
  "_id": {
    "$oid": "672dd3e5837c1fa69a899aa1"
  },
  "db": {
    "studentSeminar": {
      "insert(": "{\"seminar\": { \"seminarID\": \"sem004\""
    }
  }
},
{
  "_id": {
    "$oid": "672dd3e5837c1fa69a899aa2"
  },
  "db": {
    "studentSeminar": {
      "insert(": "              \"seminarDescription\": \"In-memory Database.\""
    }
  }
},
{
  "_id": {
    "$oid": "672dd3e5837c1fa69a899aa3"
  },
  "db": {
    "studentSeminar": {
      "insert(": "              \"seminarDate\": \"2-November-2024\""
    }
  }
},
{
  "_id": {
    "$oid": "672dd3e5837c1fa69a899aa4"
  },
  "db": {
    "studentSeminar": {
      "insert(": "              \"creditPoint\": 3"
    }
  }
},
{
  "_id": {
    "$oid": "672dd3e5837c1fa69a899aa5"
  },
  "db": {
    "studentSeminar": {
      "insert(": "              \"seminarEnrolment\": [ "
    }
  }
},
{
  "_id": {
    "$oid": "672dd3e5837c1fa69a899aa6"
  },
  "db": {
    "studentSeminar": {
      "insert(": "                      {\"studentID\": \"std004\""
    }
  }
},
{
  "_id": {
    "$oid": "672dd3e5837c1fa69a899aa7"
  },
  "db": {
    "studentSeminar": {
      "insert(": "                       \"enrolmentDate\": \"20-October-2024\"}"
    }
  }
},
{
  "_id": {
    "$oid": "672dd3e5837c1fa69a899aa8"
  },
  "db": {
    "studentSeminar": {
      "insert(": "                      {\"studentID\": \"std002\""
    }
  }
},
{
  "_id": {
    "$oid": "672dd3e5837c1fa69a899aa9"
  },
  "db": {
    "studentSeminar": {
      "insert(": "                       \"enrolmentDate\": \"10-October-2024\"} ] }"
    }
  }
},
{
  "_id": {
    "$oid": "672dd3e5837c1fa69a899aaa"
  },
  "db": {
    "studentSeminar": {
      "insert(": " \"student\": [ { \"studentID\": \"std004\""
    }
  }
},
{
  "_id": {
    "$oid": "672dd3e5837c1fa69a899aab"
  },
  "db": {
    "studentSeminar": {
      "insert(": "                 \"studentName\": \"Klein Acevedo\""
    }
  }
},
{
  "_id": {
    "$oid": "672dd3e5837c1fa69a899aac"
  },
  "db": {
    "studentSeminar": {
      "insert(": "                 \"address\": \"Block 23"
    }
  }
},
{
  "_id": {
    "$oid": "672dd3e5837c1fa69a899aad"
  },
  "db": {
    "studentSeminar": {
      "insert(": "                 \"telephone\": [ "
    }
  }
},
{
  "_id": {
    "$oid": "672dd3e5837c1fa69a899aae"
  },
  "db": {
    "studentSeminar": {
      "insert(": "                      {\"handphone1\": \"93589248\""
    }
  }
},
{
  "_id": {
    "$oid": "672dd3e5837c1fa69a899aaf"
  },
  "db": {
    "studentSeminar": {
      "insert(": "                       \"handphone2\": \"82354723\" } ]"
    }
  }
},
{
  "_id": {
    "$oid": "672dd3e5837c1fa69a899ab0"
  },
  "db": {
    "studentSeminar": {
      "insert(": "                 \"enrolTo\": [ "
    }
  }
},
{
  "_id": {
    "$oid": "672dd3e5837c1fa69a899ab1"
  },
  "db": {
    "studentSeminar": {
      "insert(": "                      {\"seminarID\": \"sem004\""
    }
  }
},
{
  "_id": {
    "$oid": "672dd3e5837c1fa69a899ab2"
  },
  "db": {
    "studentSeminar": {
      "insert(": "                       \"markReceived\": 64} ] }"
    }
  }
},
{
  "_id": {
    "$oid": "672dd3e5837c1fa69a899ab3"
  },
  "db": {
    "studentSeminar": {
      "insert(": "               { \"studentID\": \"std002\""
    }
  }
},
{
  "_id": {
    "$oid": "672dd3e5837c1fa69a899ab4"
  },
  "db": {
    "studentSeminar": {
      "insert(": "                 \"studentName\": \"Selma Hobbs\""
    }
  }
},
{
  "_id": {
    "$oid": "672dd3e5837c1fa69a899ab5"
  },
  "db": {
    "studentSeminar": {
      "insert(": "                 \"address\": \"87 Pearl Hill\""
    }
  }
},
{
  "_id": {
    "$oid": "672dd3e5837c1fa69a899ab6"
  },
  "db": {
    "studentSeminar": {
      "insert(": "                 \"telephone\": [ "
    }
  }
},
{
  "_id": {
    "$oid": "672dd3e5837c1fa69a899ab7"
  },
  "db": {
    "studentSeminar": {
      "insert(": "                      {\"handphone\": \"91647249\""
    }
  }
},
{
  "_id": {
    "$oid": "672dd3e5837c1fa69a899ab8"
  },
  "db": {
    "studentSeminar": {
      "insert(": "                       \"residentphone\": \"62691355\" } ]"
    }
  }
},
{
  "_id": {
    "$oid": "672dd3e5837c1fa69a899ab9"
  },
  "db": {
    "studentSeminar": {
      "insert(": "                 \"enrolTo\": [ "
    }
  }
},
{
  "_id": {
    "$oid": "672dd3e5837c1fa69a899aba"
  },
  "db": {
    "studentSeminar": {
      "insert(": "                      {\"seminarID\": \"sem004\""
    }
  }
},
{
  "_id": {
    "$oid": "672dd3e5837c1fa69a899abb"
  },
  "db": {
    "studentSeminar": {
      "insert(": "                       \"markReceived\": 89 } ] } ]"
    }
  }
},
{
  "_id": {
    "$oid": "672dd3e5837c1fa69a899abc"
  },
  "db": {
    "studentSeminar": {
      "insert(": "} );"
    }
  }
},
{
  "_id": {
    "$oid": "672dd3e5837c1fa69a899abd"
  }
},
{
  "_id": {
    "$oid": "672dd3e5837c1fa69a899abe"
  },
  "db": {
    "studentSeminar": {
      "insert(": "db.studentSeminar.insert("
    }
  }
},
{
  "_id": {
    "$oid": "672dd3e5837c1fa69a899abf"
  },
  "db": {
    "studentSeminar": {
      "insert(": "{\"seminar\": { \"seminarID\": \"sem005\""
    }
  }
},
{
  "_id": {
    "$oid": "672dd3e5837c1fa69a899ac0"
  },
  "db": {
    "studentSeminar": {
      "insert(": "              \"seminarDescription\": \"Network Security.\""
    }
  }
},
{
  "_id": {
    "$oid": "672dd3e5837c1fa69a899ac1"
  },
  "db": {
    "studentSeminar": {
      "insert(": "              \"seminarDate\": \"6-November-2024\""
    }
  }
},
{
  "_id": {
    "$oid": "672dd3e5837c1fa69a899ac2"
  },
  "db": {
    "studentSeminar": {
      "insert(": "              \"creditPoint\": 0"
    }
  }
},
{
  "_id": {
    "$oid": "672dd3e5837c1fa69a899ac3"
  },
  "db": {
    "studentSeminar": {
      "insert(": "              \"seminarEnrolment\": [ "
    }
  }
},
{
  "_id": {
    "$oid": "672dd3e5837c1fa69a899ac4"
  },
  "db": {
    "studentSeminar": {
      "insert(": "                      {\"studentID\": \"std004\""
    }
  }
},
{
  "_id": {
    "$oid": "672dd3e5837c1fa69a899ac5"
  },
  "db": {
    "studentSeminar": {
      "insert(": "                       \"enrolmentDate\": \"10-October-2024\"}"
    }
  }
},
{
  "_id": {
    "$oid": "672dd3e5837c1fa69a899ac6"
  },
  "db": {
    "studentSeminar": {
      "insert(": "                      {\"studentID\": \"std005\""
    }
  }
},
{
  "_id": {
    "$oid": "672dd3e5837c1fa69a899ac7"
  },
  "db": {
    "studentSeminar": {
      "insert(": "                       \"enrolmentDate\": \"10-October-2024\"}"
    }
  }
},
{
  "_id": {
    "$oid": "672dd3e5837c1fa69a899ac8"
  },
  "db": {
    "studentSeminar": {
      "insert(": "                      {\"studentID\": \"std003\""
    }
  }
},
{
  "_id": {
    "$oid": "672dd3e5837c1fa69a899ac9"
  },
  "db": {
    "studentSeminar": {
      "insert(": "                       \"enrolmentDate\": \"12-October-2024\"}] }"
    }
  }
},
{
  "_id": {
    "$oid": "672dd3e5837c1fa69a899aca"
  },
  "db": {
    "studentSeminar": {
      "insert(": " \"student\": [ { \"studentID\": \"std004\""
    }
  }
},
{
  "_id": {
    "$oid": "672dd3e5837c1fa69a899acb"
  },
  "db": {
    "studentSeminar": {
      "insert(": "                 \"studentName\": \"Janie Hinton\""
    }
  }
},
{
  "_id": {
    "$oid": "672dd3e5837c1fa69a899acc"
  },
  "db": {
    "studentSeminar": {
      "insert(": "                 \"address\": \"Block 1824"
    }
  }
},
{
  "_id": {
    "$oid": "672dd3e5837c1fa69a899acd"
  },
  "db": {
    "studentSeminar": {
      "insert(": "                 \"telephone\": [ "
    }
  }
},
{
  "_id": {
    "$oid": "672dd3e5837c1fa69a899ace"
  },
  "db": {
    "studentSeminar": {
      "insert(": "                      {\"handphone1\": \"91793263\""
    }
  }
},
{
  "_id": {
    "$oid": "672dd3e5837c1fa69a899acf"
  },
  "db": {
    "studentSeminar": {
      "insert(": "                       \"residentphone\": \"65478223\" } ]"
    }
  }
},
{
  "_id": {
    "$oid": "672dd3e5837c1fa69a899ad0"
  },
  "db": {
    "studentSeminar": {
      "insert(": "                 \"enrolTo\": [ "
    }
  }
},
{
  "_id": {
    "$oid": "672dd3e5837c1fa69a899ad1"
  },
  "db": {
    "studentSeminar": {
      "insert(": "                      {\"seminarID\": \"sem005\""
    }
  }
},
{
  "_id": {
    "$oid": "672dd3e5837c1fa69a899ad2"
  },
  "db": {
    "studentSeminar": {
      "insert(": "                       \"markReceived\": 76} ] }"
    }
  }
},
{
  "_id": {
    "$oid": "672dd3e5837c1fa69a899ad3"
  },
  "db": {
    "studentSeminar": {
      "insert(": "               { \"studentID\": \"std003\""
    }
  }
},
{
  "_id": {
    "$oid": "672dd3e5837c1fa69a899ad4"
  },
  "db": {
    "studentSeminar": {
      "insert(": "                 \"studentName\": \"Marcy Collier\""
    }
  }
},
{
  "_id": {
    "$oid": "672dd3e5837c1fa69a899ad5"
  },
  "db": {
    "studentSeminar": {
      "insert(": "                 \"address\": \"Block 384"
    }
  }
},
{
  "_id": {
    "$oid": "672dd3e5837c1fa69a899ad6"
  },
  "db": {
    "studentSeminar": {
      "insert(": "                 \"telephone\": [ "
    }
  }
},
{
  "_id": {
    "$oid": "672dd3e5837c1fa69a899ad7"
  },
  "db": {
    "studentSeminar": {
      "insert(": "                      {\"handphone1\": \"87396264\""
    }
  }
},
{
  "_id": {
    "$oid": "672dd3e5837c1fa69a899ad8"
  },
  "db": {
    "studentSeminar": {
      "insert(": "                       \"residentphone\": \"69398059\" } ]"
    }
  }
},
{
  "_id": {
    "$oid": "672dd3e5837c1fa69a899ad9"
  },
  "db": {
    "studentSeminar": {
      "insert(": "                 \"enrolTo\": [ "
    }
  }
},
{
  "_id": {
    "$oid": "672dd3e5837c1fa69a899ada"
  },
  "db": {
    "studentSeminar": {
      "insert(": "                      {\"seminarID\": \"sem005\""
    }
  }
},
{
  "_id": {
    "$oid": "672dd3e5837c1fa69a899adb"
  },
  "db": {
    "studentSeminar": {
      "insert(": "                       \"markReceived\": 69} ] }"
    }
  }
},
{
  "_id": {
    "$oid": "672dd3e5837c1fa69a899adc"
  },
  "db": {
    "studentSeminar": {
      "insert(": "               { \"studentID\": \"std005\""
    }
  }
},
{
  "_id": {
    "$oid": "672dd3e5837c1fa69a899add"
  },
  "db": {
    "studentSeminar": {
      "insert(": "                 \"studentName\": \"Deann Larson\""
    }
  }
},
{
  "_id": {
    "$oid": "672dd3e5837c1fa69a899ade"
  },
  "db": {
    "studentSeminar": {
      "insert(": "                 \"address\": \"17 Bukit Panjang\""
    }
  }
},
{
  "_id": {
    "$oid": "672dd3e5837c1fa69a899adf"
  },
  "db": {
    "studentSeminar": {
      "insert(": "                 \"telephone\": [ "
    }
  }
},
{
  "_id": {
    "$oid": "672dd3e5837c1fa69a899ae0"
  },
  "db": {
    "studentSeminar": {
      "insert(": "                      {\"handphone\": \"91867237\""
    }
  }
},
{
  "_id": {
    "$oid": "672dd3e5837c1fa69a899ae1"
  },
  "db": {
    "studentSeminar": {
      "insert(": "                       \"residentphone\": \"62783256\" } ]"
    }
  }
},
{
  "_id": {
    "$oid": "672dd3e5837c1fa69a899ae2"
  },
  "db": {
    "studentSeminar": {
      "insert(": "                 \"enrolTo\": [ "
    }
  }
},
{
  "_id": {
    "$oid": "672dd3e5837c1fa69a899ae3"
  },
  "db": {
    "studentSeminar": {
      "insert(": "                      {\"seminarID\": \"sem005\""
    }
  }
},
{
  "_id": {
    "$oid": "672dd3e5837c1fa69a899ae4"
  },
  "db": {
    "studentSeminar": {
      "insert(": "                       \"markReceived\": 92 } ] } ]"
    }
  }
},
{
  "_id": {
    "$oid": "672dd3e5837c1fa69a899ae5"
  },
  "db": {
    "studentSeminar": {
      "insert(": "} );"
    }
  }
}]