_id,db.studentSeminar.insert(
672dd3e5837c1fa69a899a44,"{""seminar"": { ""seminarID"": ""sem001"""
672dd3e5837c1fa69a899a45,"              ""seminarDescription"": ""Security in Databases."""
672dd3e5837c1fa69a899a46,"              ""seminarDate"": ""25-October-2024"""
672dd3e5837c1fa69a899a47,"              ""prerequisite"": ""Year 3 standing"""
672dd3e5837c1fa69a899a48,"              ""creditPoint"": 3"
672dd3e5837c1fa69a899a49,"              ""seminarEnrolment"": [ "
672dd3e5837c1fa69a899a4a,"                      {""studentID"": ""std001"""
672dd3e5837c1fa69a899a4b,"                       ""enrolmentDate"": ""14-October-2024""}"
672dd3e5837c1fa69a899a4c,"                      {""studentID"": ""std009"""
672dd3e5837c1fa69a899a4d,"                       ""enrolmentDate"": ""18-October-2024""} ] }"
672dd3e5837c1fa69a899a4e," ""student"": [ { ""studentID"": ""std001"""
672dd3e5837c1fa69a899a4f,"                 ""studentName"": ""Richard Davis"""
672dd3e5837c1fa69a899a50,"                 ""address"": ""Block 140"
672dd3e5837c1fa69a899a51,"                 ""telephone"": [ "
672dd3e5837c1fa69a899a52,"                      {""handphone"": ""92378888"""
672dd3e5837c1fa69a899a53,"                       ""officephone"": ""64283333"" } ]"
672dd3e5837c1fa69a899a54,"                 ""enrolTo"": [ "
672dd3e5837c1fa69a899a55,"                      {""seminarID"": ""sem001"""
672dd3e5837c1fa69a899a56,"                       ""markReceived"": 78 } ] }"
672dd3e5837c1fa69a899a57,"               { ""studentID"": ""std009"""
672dd3e5837c1fa69a899a58,"                 ""studentName"": ""Sharon Smith"""
672dd3e5837c1fa69a899a59,"                 ""address"": ""10 Bukit Timah Road"""
672dd3e5837c1fa69a899a5a,"                 ""telephone"": [ "
672dd3e5837c1fa69a899a5b,"                      {""handphone"": ""81881234"""
672dd3e5837c1fa69a899a5c,"                       ""residentphone"": ""64123456"" } ]"
672dd3e5837c1fa69a899a5d,"                 ""enrolTo"": [ "
672dd3e5837c1fa69a899a5e,"                      {""seminarID"": ""sem001"""
672dd3e5837c1fa69a899a5f,"                       ""markReceived"": 80 } ] } ]"
672dd3e5837c1fa69a899a60,} );
672dd3e5837c1fa69a899a61,
672dd3e5837c1fa69a899a62,db.studentSeminar.insert(
672dd3e5837c1fa69a899a63,"{""seminar"": { ""seminarID"": ""sem002"""
672dd3e5837c1fa69a899a64,"              ""seminarDescription"": ""Concurrency in Distributed Database."""
672dd3e5837c1fa69a899a65,
672dd3e5837c1fa69a899a66,"              ""seminarDate"": ""5-November-2024"""
672dd3e5837c1fa69a899a67,"              ""creditPoint"": 2"
672dd3e5837c1fa69a899a68,"              ""seminarEnrolment"": [ "
672dd3e5837c1fa69a899a69,"                      {""studentID"": ""std006"""
672dd3e5837c1fa69a899a6a,"                       ""enrolmentDate"": ""30-October-2024""}"
672dd3e5837c1fa69a899a6b,"                      {""studentID"": ""std009"""
672dd3e5837c1fa69a899a6c,"                       ""enrolmentDate"": ""18-October-2024""} ] }"
672dd3e5837c1fa69a899a6d," ""student"": [ { ""studentID"": ""std006"""
672dd3e5837c1fa69a899a6e,"                 ""studentName"": ""Ofelia Ashley"""
672dd3e5837c1fa69a899a6f,"                 ""address"": ""123"
672dd3e5837c1fa69a899a70,"                 ""telephone"": [ "
672dd3e5837c1fa69a899a71,"                      {""handphone"": ""93858134"""
672dd3e5837c1fa69a899a72,"                       ""residentphone"": ""64352893"" } ]"
672dd3e5837c1fa69a899a73,"                 ""enrolTo"": [ "
672dd3e5837c1fa69a899a74,"                      {""seminarID"": ""sem002"""
672dd3e5837c1fa69a899a75,"                       ""markReceived"": 79 } ] }"
672dd3e5837c1fa69a899a76,"               { ""studentID"": ""std009"""
672dd3e5837c1fa69a899a77,"                 ""studentName"": ""Sharon Smith"""
672dd3e5837c1fa69a899a78,"                 ""address"": ""10 Bukit Timah Road"""
672dd3e5837c1fa69a899a79,"                 ""telephone"": [ "
672dd3e5837c1fa69a899a7a,"                      {""handphone"": ""81881234"""
672dd3e5837c1fa69a899a7b,"                       ""residentphone"": ""64123456"" } ]"
672dd3e5837c1fa69a899a7c,"                 ""enrolTo"": [ "
672dd3e5837c1fa69a899a7d,"                      {""seminarID"": ""sem002"""
672dd3e5837c1fa69a899a7e,"                       ""markReceived"": 82 } ] } ]"
672dd3e5837c1fa69a899a7f,} );
672dd3e5837c1fa69a899a80,
672dd3e5837c1fa69a899a81,db.studentSeminar.insert(
672dd3e5837c1fa69a899a82,"{""seminar"": { ""seminarID"": ""sem003"""
672dd3e5837c1fa69a899a83,"              ""seminarDescription"": ""Unstructured Database."""
672dd3e5837c1fa69a899a84,"              ""seminarDate"": ""12-November-2024"""
672dd3e5837c1fa69a899a85,"              ""prerequisite"": ""Year 2 standing"""
672dd3e5837c1fa69a899a86,"              ""creditPoint"": 3"
672dd3e5837c1fa69a899a87,"              ""seminarEnrolment"": [ "
672dd3e5837c1fa69a899a88,"                      {""studentID"": ""std010"""
672dd3e5837c1fa69a899a89,"                       ""enrolmentDate"": ""10-October-2024""}"
672dd3e5837c1fa69a899a8a,"                      {""studentID"": ""std005"""
672dd3e5837c1fa69a899a8b,"                       ""enrolmentDate"": ""18-October-2024""} ] }"
672dd3e5837c1fa69a899a8c," ""student"": [ { ""studentID"": ""std010"""
672dd3e5837c1fa69a899a8d,"                 ""studentName"": ""Wendy Graham"""
672dd3e5837c1fa69a899a8e,"                 ""address"": ""23"
672dd3e5837c1fa69a899a8f,"                 ""telephone"": [ "
672dd3e5837c1fa69a899a90,"                      {""handphone"": ""93858134"""
672dd3e5837c1fa69a899a91,"                       ""residentphone"": ""64352893"" } ]"
672dd3e5837c1fa69a899a92,"                 ""enrolTo"": [ "
672dd3e5837c1fa69a899a93,"                      {""seminarID"": ""sem003"""
672dd3e5837c1fa69a899a94,"                       ""markReceived"": 74} ] }"
672dd3e5837c1fa69a899a95,"               { ""studentID"": ""std005"""
672dd3e5837c1fa69a899a96,"                 ""studentName"": ""Deann Larson"""
672dd3e5837c1fa69a899a97,"                 ""address"": ""17 Bukit Panjang"""
672dd3e5837c1fa69a899a98,"                 ""telephone"": [ "
672dd3e5837c1fa69a899a99,"                      {""handphone"": ""91867237"""
672dd3e5837c1fa69a899a9a,"                       ""residentphone"": ""62783256"" } ]"
672dd3e5837c1fa69a899a9b,"                 ""enrolTo"": [ "
672dd3e5837c1fa69a899a9c,"                      {""seminarID"": ""sem003"""
672dd3e5837c1fa69a899a9d,"                       ""markReceived"": 62 } ] } ]"
672dd3e5837c1fa69a899a9e,} );
672dd3e5837c1fa69a899a9f,
672dd3e5837c1fa69a899aa0,db.studentSeminar.insert(
672dd3e5837c1fa69a899aa1,"{""seminar"": { ""seminarID"": ""sem004"""
672dd3e5837c1fa69a899aa2,"              ""seminarDescription"": ""In-memory Database."""
672dd3e5837c1fa69a899aa3,"              ""seminarDate"": ""2-November-2024"""
672dd3e5837c1fa69a899aa4,"              ""creditPoint"": 3"
672dd3e5837c1fa69a899aa5,"              ""seminarEnrolment"": [ "
672dd3e5837c1fa69a899aa6,"                      {""studentID"": ""std004"""
672dd3e5837c1fa69a899aa7,"                       ""enrolmentDate"": ""20-October-2024""}"
672dd3e5837c1fa69a899aa8,"                      {""studentID"": ""std002"""
672dd3e5837c1fa69a899aa9,"                       ""enrolmentDate"": ""10-October-2024""} ] }"
672dd3e5837c1fa69a899aaa," ""student"": [ { ""studentID"": ""std004"""
672dd3e5837c1fa69a899aab,"                 ""studentName"": ""Klein Acevedo"""
672dd3e5837c1fa69a899aac,"                 ""address"": ""Block 23"
672dd3e5837c1fa69a899aad,"                 ""telephone"": [ "
672dd3e5837c1fa69a899aae,"                      {""handphone1"": ""93589248"""
672dd3e5837c1fa69a899aaf,"                       ""handphone2"": ""82354723"" } ]"
672dd3e5837c1fa69a899ab0,"                 ""enrolTo"": [ "
672dd3e5837c1fa69a899ab1,"                      {""seminarID"": ""sem004"""
672dd3e5837c1fa69a899ab2,"                       ""markReceived"": 64} ] }"
672dd3e5837c1fa69a899ab3,"               { ""studentID"": ""std002"""
672dd3e5837c1fa69a899ab4,"                 ""studentName"": ""Selma Hobbs"""
672dd3e5837c1fa69a899ab5,"                 ""address"": ""87 Pearl Hill"""
672dd3e5837c1fa69a899ab6,"                 ""telephone"": [ "
672dd3e5837c1fa69a899ab7,"                      {""handphone"": ""91647249"""
672dd3e5837c1fa69a899ab8,"                       ""residentphone"": ""62691355"" } ]"
672dd3e5837c1fa69a899ab9,"                 ""enrolTo"": [ "
672dd3e5837c1fa69a899aba,"                      {""seminarID"": ""sem004"""
672dd3e5837c1fa69a899abb,"                       ""markReceived"": 89 } ] } ]"
672dd3e5837c1fa69a899abc,} );
672dd3e5837c1fa69a899abd,
672dd3e5837c1fa69a899abe,db.studentSeminar.insert(
672dd3e5837c1fa69a899abf,"{""seminar"": { ""seminarID"": ""sem005"""
672dd3e5837c1fa69a899ac0,"              ""seminarDescription"": ""Network Security."""
672dd3e5837c1fa69a899ac1,"              ""seminarDate"": ""6-November-2024"""
672dd3e5837c1fa69a899ac2,"              ""creditPoint"": 0"
672dd3e5837c1fa69a899ac3,"              ""seminarEnrolment"": [ "
672dd3e5837c1fa69a899ac4,"                      {""studentID"": ""std004"""
672dd3e5837c1fa69a899ac5,"                       ""enrolmentDate"": ""10-October-2024""}"
672dd3e5837c1fa69a899ac6,"                      {""studentID"": ""std005"""
672dd3e5837c1fa69a899ac7,"                       ""enrolmentDate"": ""10-October-2024""}"
672dd3e5837c1fa69a899ac8,"                      {""studentID"": ""std003"""
672dd3e5837c1fa69a899ac9,"                       ""enrolmentDate"": ""12-October-2024""}] }"
672dd3e5837c1fa69a899aca," ""student"": [ { ""studentID"": ""std004"""
672dd3e5837c1fa69a899acb,"                 ""studentName"": ""Janie Hinton"""
672dd3e5837c1fa69a899acc,"                 ""address"": ""Block 1824"
672dd3e5837c1fa69a899acd,"                 ""telephone"": [ "
672dd3e5837c1fa69a899ace,"                      {""handphone1"": ""91793263"""
672dd3e5837c1fa69a899acf,"                       ""residentphone"": ""65478223"" } ]"
672dd3e5837c1fa69a899ad0,"                 ""enrolTo"": [ "
672dd3e5837c1fa69a899ad1,"                      {""seminarID"": ""sem005"""
672dd3e5837c1fa69a899ad2,"                       ""markReceived"": 76} ] }"
672dd3e5837c1fa69a899ad3,"               { ""studentID"": ""std003"""
672dd3e5837c1fa69a899ad4,"                 ""studentName"": ""Marcy Collier"""
672dd3e5837c1fa69a899ad5,"                 ""address"": ""Block 384"
672dd3e5837c1fa69a899ad6,"                 ""telephone"": [ "
672dd3e5837c1fa69a899ad7,"                      {""handphone1"": ""87396264"""
672dd3e5837c1fa69a899ad8,"                       ""residentphone"": ""69398059"" } ]"
672dd3e5837c1fa69a899ad9,"                 ""enrolTo"": [ "
672dd3e5837c1fa69a899ada,"                      {""seminarID"": ""sem005"""
672dd3e5837c1fa69a899adb,"                       ""markReceived"": 69} ] }"
672dd3e5837c1fa69a899adc,"               { ""studentID"": ""std005"""
672dd3e5837c1fa69a899add,"                 ""studentName"": ""Deann Larson"""
672dd3e5837c1fa69a899ade,"                 ""address"": ""17 Bukit Panjang"""
672dd3e5837c1fa69a899adf,"                 ""telephone"": [ "
672dd3e5837c1fa69a899ae0,"                      {""handphone"": ""91867237"""
672dd3e5837c1fa69a899ae1,"                       ""residentphone"": ""62783256"" } ]"
672dd3e5837c1fa69a899ae2,"                 ""enrolTo"": [ "
672dd3e5837c1fa69a899ae3,"                      {""seminarID"": ""sem005"""
672dd3e5837c1fa69a899ae4,"                       ""markReceived"": 92 } ] } ]"
672dd3e5837c1fa69a899ae5,} );
